[{"model": "accounts.user", "pk": 1, "fields": {"password": "pbkdf2_sha256$260000$geivPb4tDXt2pTowYzuEp0$erbf/LkPrMIBJhjjrEoMwzfuNeDylXMKO9R4LsfHsZE=", "last_login": "2023-05-15T16:27:50Z", "is_superuser": true, "username": "admin", "first_name": "ad", "last_name": "min", "email": "admin@admin.com", "is_staff": true, "is_active": true, "date_joined": "2023-05-11T16:28:42Z", "position": "", "image": "", "groups": [], "user_permissions": [], "followings": []}}, {"model": "accounts.user", "pk": 2, "fields": {"password": "pbkdf2_sha256$260000$bmV0UVzGkXLCrRUoQKLmOe$/xIAKJCpnWRPdsCzAgmUHsaVfG4gi27ZpArPB2p0D1Q=", "last_login": "2023-05-15T14:24:18.273Z", "is_superuser": false, "username": "sotthang", "first_name": "hyeonseop", "last_name": "so", "email": "", "is_staff": false, "is_active": true, "date_joined": "2023-05-12T01:21:01.728Z", "position": "", "image": "", "groups": [], "user_permissions": [], "followings": []}}, {"model": "accounts.user", "pk": 3, "fields": {"password": "pbkdf2_sha256$260000$I4eo2RJfprw8epgP6HY7g1$pwlMFOl4UYdyaQuXusmOnNi6yrNfEt5c9BMl8XtybXk=", "last_login": "2023-05-15T12:45:05.101Z", "is_superuser": false, "username": "sotudent", "first_name": "tudent", "last_name": "so", "email": "", "is_staff": false, "is_active": true, "date_joined": "2023-05-15T06:48:11.768Z", "position": "", "image": "accounts/3/프사.jpg", "groups": [], "user_permissions": [], "followings": []}}, {"model": "courses.course", "pk": 1, "fields": {"user": 1, "category": "백엔드", "title": "[개정판] 파이썬 머신러닝 완벽 가이드", "content": "초급자를 위해 준비한\r\n[인공지능, 데이터 사이언스] 강의입니다.\r\n이론 위주의 머신러닝 강좌에서 탈피하여 머신러닝의 핵심 개념을 쉽게 이해함과 동시에 실전 머신러닝 애플리케이션 구현 능력을 갖출 수 있도록 만들어 드립니다.", "star": "5.0", "price": 99000, "discount_rate": 0, "discounted_price": 99000, "image": "courses/1/324238-eng.jpg", "expired_date": "9999-12-31", "level": "level1", "certificates": true, "created_at": "2023-05-12T00:40:36.564Z", "enrolment_users": [3], "cart_users": []}}, {"model": "courses.course", "pk": 2, "fields": {"user": 1, "category": "백엔드", "title": "프로그래밍 시작하기 : 파이썬 입문 (Inflearn Original)", "content": "입문자를 위해 준비한\r\n[프로그래밍 언어] 강의입니다.\r\n이미 2만명 이상이 학습하고 만족한 최고의 프로그래밍 입문 강의. 인프런이 비전공자 위치에서 직접 기획하고 준비한 프로그래밍 입문 강의로, 프로그래밍을 전혀 접해보지 못한 사람부터 실제 활용 가능한 프로그래밍 능력까지 갈 수 있도록 도와주는 강의입니다.", "star": "5.0", "price": 33000, "discount_rate": 11, "discounted_price": 29370, "image": "courses/2/324145.jpg", "expired_date": "9999-12-31", "level": "level1", "certificates": true, "created_at": "2023-05-12T00:41:41.863Z", "enrolment_users": [], "cart_users": []}}, {"model": "courses.course", "pk": 3, "fields": {"user": 1, "category": "백엔드", "title": "프로그래밍 시작하기 : 도전! 45가지 파이썬 기초 문법 실습 (Inflearn Original)", "content": "초급자를 위해 준비한\r\n[프로그래밍 언어] 강의입니다.\r\n파이썬 기초 문법 지식을 기반으로 쉬운 예제부터 어려운 예제로 난이도를 높여갑니다. 이 과정에서 혼자서 학습하는 방법, 탄탄한 문법 지식 습득 및 기본기를 확실하게 다지게 될 거예요. 아울러, 파이썬 프로그래밍의 자주 사용하는 패턴을 배워봅니다.", "star": "0.0", "price": 33000, "discount_rate": 11, "discounted_price": 29370, "image": "courses/3/330330-eng.jpg", "expired_date": "9999-12-31", "level": "level2", "certificates": true, "created_at": "2023-05-12T00:42:22.041Z", "enrolment_users": [], "cart_users": []}}, {"model": "courses.course", "pk": 4, "fields": {"user": 1, "category": "백엔드,풀스택", "title": "파이썬/장고로 결제 시작하기 (Feat. 아임포트) - 기본편", "content": "중급자를 위해 준비한\r\n[웹 개발] 강의입니다.\r\n웹 서비스 결제 연동에 어려움을 겪고 계신가요? 장고와 아임포트를 통해 여러분의 서비스에 결제를 빠르게 적용해보세요.", "star": "0.0", "price": 55000, "discount_rate": 11, "discounted_price": 48950, "image": "courses/4/인프런_아임포트결제.jpg", "expired_date": "9999-12-31", "level": "level3", "certificates": true, "created_at": "2023-05-12T00:43:58.982Z", "enrolment_users": [], "cart_users": []}}, {"model": "courses.course", "pk": 5, "fields": {"user": 1, "category": "풀스택,백엔드,프론트엔드", "title": "비전공자를 위한 진짜 입문 올인원 개발 부트캠프", "content": "입문자를 위해 준비한\r\n[웹 개발] 강의입니다.\r\n왕초보도 할 수 있는 웹, 서버, 모바일 앱, 머신러닝까지 익히는 끝판왕 풀스", "star": "0.0", "price": 143000, "discount_rate": 0, "discounted_price": 143000, "image": "courses/5/b0536120-7de3-4aa8-8266-97cf3881e87d.jpeg", "expired_date": "2024-12-31", "level": "level1", "certificates": true, "created_at": "2023-05-12T00:45:54.537Z", "enrolment_users": [], "cart_users": []}}, {"model": "courses.course", "pk": 6, "fields": {"user": 1, "category": "프론트엔드", "title": "[인프런x코드캠프] 훈훈한 Javascript", "content": "입문자를 위해 준비한\r\n[프로그래밍 언어, 웹 개발] 강의입니다.\r\n다른 언어도 많은데.. 왜 자바스크립트여야 하냐구요? 자바스크립트는 전세계에서 가장 많이 쓰는 언어로, 비전공자도 빠르게 배울 수 있고 이해하기 쉬운 구조를 가지고 있어요. 게다가 구글, 페이팔, 아마존 등 유명 기업들도 활용하고 있다니! 더 이상의 고민이 필요한가요?", "star": "0.0", "price": 22000, "discount_rate": 50, "discounted_price": 11000, "image": "courses/6/thumbnail-js.jpg", "expired_date": "2024-05-31", "level": "level1", "certificates": false, "created_at": "2023-05-12T00:46:44.596Z", "enrolment_users": [], "cart_users": []}}, {"model": "courses.course", "pk": 7, "fields": {"user": 1, "category": "풀스택,프론트엔드", "title": "[웹 개발 풀스택 코스] HTML&CSS 기초", "content": "입문자를 위해 준비한\r\n[웹 개발, 프론트엔드] 강의입니다.\r\n본 강의는 풀스택 웹 개발자 양성을 위한 [웹 개발 풀스택 코스] 강의 시리즈의 HTML&CSS에 대한 강의입니다. 이 강의를 통해 웹 개발의 뼈대인 HTML과 웹을 아름답게 만드는 CSS에 대해서 이해하게 됩니다.", "star": "0.0", "price": 0, "discount_rate": 0, "discounted_price": 0, "image": "courses/7/fullstack-html-css-1.jpg", "expired_date": "9999-12-31", "level": "level1", "certificates": true, "created_at": "2023-05-12T00:47:45.958Z", "enrolment_users": [], "cart_users": []}}, {"model": "courses.course", "pk": 8, "fields": {"user": 1, "category": "프론트엔드", "title": "프로그래밍 시작하기 : 웹 입문 (Inflearn Original)", "content": "입문자를 위해 준비한\r\n[웹 개발] 강의입니다.\r\n처음으로 프로그래밍을 시작하는 분들을 위한 웹 개발 입문 강의입니다. HTML, CSS, Javascript를 배우고 인스타그램 포스팅 카드를 만들어봄으로써 웹페이지 제작에 꼭 필요한 기본적인 내용들을 학습합니다.", "star": "0.0", "price": 33000, "discount_rate": 33, "discounted_price": 22110, "image": "courses/8/inflearn-original-web-ef.jpg", "expired_date": "2023-12-31", "level": "level1", "certificates": false, "created_at": "2023-05-12T00:49:25.502Z", "enrolment_users": [], "cart_users": []}}, {"model": "courses.course", "pk": 9, "fields": {"user": 1, "category": "풀스택", "title": "조코딩의 코딩 기초와 웹 풀스택 개발", "content": "입문자를 위해 준비한\r\n[풀스택, 웹 개발] 강의입니다.\r\n코딩 1위 유튜버 조코딩의 실전 압축! 쉽고 재미있는 웹 풀스택 개발 강의", "star": "0.0", "price": 90200, "discount_rate": 0, "discounted_price": 90200, "image": "courses/9/thumb6.jpg", "expired_date": "9999-12-31", "level": "level1", "certificates": true, "created_at": "2023-05-12T00:50:20.013Z", "enrolment_users": [], "cart_users": []}}, {"model": "courses.course", "pk": 10, "fields": {"user": 1, "category": "백엔드,프론트엔드", "title": "파이썬/장고 웹서비스 개발 완벽 가이드 with 리액트", "content": "초급자를 위해 준비한\r\n[풀스택, 웹 개발] 강의입니다.\r\n파이썬/장고 웹서비스 개발의 기초를 탄탄히 다져보세요. 리액트를 통해 최신 트렌드의 웹 프론트엔드를 경험해보세요. 파이썬만 아시면 시작하실 수 있습니다. 여러분의 상상을 현실로 만들어보세요.", "star": "0.0", "price": 220000, "discount_rate": 10, "discounted_price": 198000, "image": "courses/10/인프런_강좌배너.jpg", "expired_date": "9999-12-31", "level": "level1", "certificates": true, "created_at": "2023-05-12T00:51:30.523Z", "enrolment_users": [], "cart_users": []}}, {"model": "courses.course", "pk": 11, "fields": {"user": 1, "category": "백엔드", "title": "파이썬 코딩 무료 강의 (기본편) - 6시간 뒤면 여러분도 개발자가 될 수 있어요 [나도코딩]", "content": "파이썬 무료 강의 (기본편)입니다.\r\n누구나 볼 수 있도록 쉽고 재미있게 제작하였습니다. ^^\r\n\r\n파이썬은 다양한 활용 분야가 있는 인기 최고의 프로그래밍 언어입니다.\r\n수많은 컴퓨터 교육 기관에서 가르치고 있으며 학생들도 배우고 있지요.\r\n여러분의 가치를 훨씬 높일 수 있는 필살기,\r\n지금 바로 시작하세요 !\r\n\r\n\r\n[블로그]\r\n영상보다 글이 편하신 분들을 위해 파이썬 기본편 강의를 책 형태로 블로그에 옮겼습니다. 아래 링크에서 확인해주세요 ^^\r\nhttps://nadocoding.tistory.com/3\r\n\r\n\r\n[ 오류정정 ] 2020.03.28 최종수정\r\n9-7. 클래스 \"연산자 오버로딩\" 제목 및 설명이 잘못되어 정정합니다.\r\n해당 영상에 나오는 설명 중 \"연산자 오버로딩\"은 잘못된 워딩이며 \"메소드 오버라이딩\"이 올바른 표현입니다.\r\n\r\n9-9. 클래스 super (4:23:10) 내용 설명이 잘못되어 정정합니다.\r\nclass FlyableUnit(Flyable, Unit):\r\n def __init__(self):\r\n  super().__init__()\r\n위처럼 다중 상속 코드를 작성했을 때, super() 를 쓰면 순서상 맨 \"마지막\" 이 아닌, 맨 \"처음\" 클래스(예제에서는 Flyable) 에 대해서 _init_ 함수가 호출 됩니다.\r\n\r\n9-11. 스타크래프트 프로젝트 후반전 (4:40:32) 내용 설명이 잘못되어 정정합니다.\r\n5이상 20이하의 값을 얻기 위해서 randint(5, 20) 이나 randrange(5, 21) 로 작성해야 합니다.\r\n\r\n혼란을 드려 대단히 죄송합니다.\r\n\r\n\r\n[ 활용편 커리큘럼 ]\r\n기본편을 공부하신 분들을 위한 실전 활용편 강의입니다.\r\n활용편은 서로 연관성이 없으므로 원하시는 주제를 선택하셔서 들으시면 됩니다.\r\n\r\n1. 게임 개발 [완료] \r\n - 오락실에서 하던 Pang 게임\r\n - 바로가기 :   \r\n\r\n • 파이썬 코딩 무료 강의 (활용편...  \r\n2. GUI 프로그래밍 [완료]\r\n - 영상에서 캡처한 이미지들을 하나로 합치는 프로그램\r\n - 바로가기 :   \r\n\r\n • 파이썬 코딩 무료 강의 (활용편...  \r\n3. 웹스크래핑 [완료]\r\n - 내가 원하는 뉴스를 매일 자동으로 긁어오는 프로그램\r\n - 바로가기 :   \r\n\r\n • 파이썬 코딩 무료 강의 (활용편...  \r\n4. 업무자동화 [완료]\r\n - 엑셀, 인터넷, 데스크탑 등 컴퓨터에게 일을 시키는 스크립트\r\n - 바로가기 :   \r\n\r\n • 파이썬 코딩 무료 강의 (활용편...  \r\n5. 데이터 분석 및 시각화 [완료]\r\n - 빅데이터를 활용한 대한민국의 인구 문제 분석\r\n - 바로가기 :   \r\n\r\n • 파이썬 코딩 무료 강의 (활용편...  \r\n6. 이미지 처리 [완료]\r\n - 이미지 / 영상에서 얼굴을 인식하여 얼굴 위에 재밌는 캐릭터 씌우기\r\n - 바로가기 :   \r\n\r\n • 파이썬 코딩 무료 강의 (활용편...  \r\n7. 머신러닝 [완료]\r\n - 머신러닝을 이용하여 나만의 영화 추천 시스템 만들기\r\n - 바로가기 :   \r\n\r\n • 파이썬 코딩 무료 강의 (활용편...  \r\n8. 사물인터넷\r\n - 아두이노를 활용한 RC Car 제작\r\n\r\n\r\n[목차]\r\n(0:00) 0.Intro\r\n(0:38) 1-1.소개\r\n(02:22) 1-2.환경설정\r\n(07:26) 2-1.숫자 자료형\r\n(11:42) 2-2.문자열 자료형\r\n(13:08) 2-3.boolean 자료형\r\n(15:05) 2-4.변수\r\n(22:08) 2-5.주석\r\n(23:57) 2-6.퀴즈 #1\r\n(25:48) 3-1.연산자\r\n(33:23) 3-2.간단한수식\r\n(36:26) 3-3.숫자처리함수\r\n(38:59) 3-4.랜덤함수\r\n(44:11) 3-5.퀴즈 #2\r\n(46:57) 4-1.문자열\r\n(48:24) 4-2.슬라이싱\r\n(55:09) 4-3.문자열처리함수\r\n(1:00:56) 4-4.문자열포맷\r\n(1:09:17) 4-5.탈출문자\r\n(1:15:47) 4-6.퀴즈 #3\r\n(1:22:31) 5-1.리스트\r\n(1:31:35) 5-2.사전\r\n(1:40:46) 5-3.튜플\r\n(1:43:19) 5-4.세트\r\n(1:48:44) 5-5.자료구조의 변경\r\n(1:50:47) 5-6.퀴즈 #4\r\n(1:57:33) 6-1.if\r\n(2:05:08) 6-2.for\r\n(2:09:33) 6-3.while\r\n(2:14:59) 6-4.continue 와 break\r\n(2:19:11) 6-5.한 줄 for\r\n(2:22:51) 6-6.퀴즈 #5\r\n(2:28:36) 7-1.함수\r\n(2:30:09) 7-2.전달값과 반환값\r\n(2:37:50) 7-3.기본값\r\n(2:41:32) 7-4.키워드값\r\n(2:43:07) 7-5.가변인자\r\n(2:47:55) 7-6.지역변수와 전역변수\r\n(2:53:58) 7-7.퀴즈 #6\r\n(2:58:59) 8-1.표준입출력\r\n(3:10:12) 8-2.다양한 출력포맷\r\n(3:17:45) 8-3.파일입출력\r\n(3:26:27) 8-4.pickle\r\n(3:30:22) 8-5.with\r\n(3:33:33) 8-6.퀴즈 #7\r\n(3:38:08) 9-1.클래스\r\n(3:47:04) 9-2._init_\r\n(3:48:34) 9-3.멤버변수\r\n(3:53:07) 9-4.메소드\r\n(3:59:29) 9-5.상속\r\n(4:02:54) 9-6.다중상속\r\n(4:10:08) 9-7.메소드 오버라이딩\r\n(4:17:03) 9-8.pass\r\n(4:19:31) 9-9.super\r\n(4:23:50) 9-10.스타크래프트 프로젝트 전반전\r\n(4:33:47) 9-11.스타크래프트 프로젝트 후반전\r\n(4:44:42) 9-12.퀴즈 #8\r\n(4:50:13) 10-1.예외처리\r\n(4:58:15) 10-2.에러 발생시키기\r\n(5:01:06) 10-3.사용자 정의 예외처리\r\n(5:04:28) 10-4.finally\r\n(5:06:19) 10-5.퀴즈 #9\r\n(5:14:23) 11-1.모듈\r\n(5:24:10) 11-2.패키지\r\n(5:30:30) 11-3._all_\r\n(5:34:16) 11-4.모듈 직접 실행\r\n(5:37:00) 11-5.패키지, 모듈 위치\r\n(5:40:33) 11-6.pip install\r\n(5:46:04) 11-7.내장함수\r\n(5:50:38) 11-8.외장함수\r\n(5:58:49) 11-9.퀴즈 #10\r\n(6:01:08) 12.Outro", "star": "3.0", "price": 0, "discount_rate": 0, "discounted_price": 0, "image": "courses/11/스크린샷_2023-05-12_오후_3.02.19.jpg", "expired_date": "9999-12-31", "level": "level1", "certificates": false, "created_at": "2023-05-12T01:28:10.304Z", "enrolment_users": [2, 3], "cart_users": []}}, {"model": "courses.course", "pk": 13, "fields": {"user": 1, "category": "프론트엔드", "title": "실전 프로젝트로 배우는 타입스크립트", "content": "중급자를 위해 준비한\r\n[프론트엔드, 웹 개발] 강의입니다.\r\n\"타입스크립트 입문 - 기초부터 실전까지\"의 실전 활용편입니다. 입문 편을 수강하지 않으신 분들은 입문 편부터 수강해주세요", "star": "0.0", "price": 55000, "discount_rate": 30, "discounted_price": 38500, "image": "courses/13/3d0feaee-493f-4295-9635-117d24a6f41f.jpg", "expired_date": "2024-12-31", "level": "level1", "certificates": true, "created_at": "2023-05-12T05:48:45.142Z", "enrolment_users": [], "cart_users": []}}, {"model": "courses.course", "pk": 14, "fields": {"user": 1, "category": "프론트엔드", "title": "AngularJS 기본 개념과 To-Do 앱 만들기 실습 - 앵귤러 강좌", "content": "초급자를 위해 준비한\r\n[웹 개발, 프론트엔드] 강의입니다.\r\n프론트엔드 자바스크립트 기술인 AngularJS의 기본 사용법을 배웁니다. 본 강좌에서는 HTML 및 CSS, Javascript에 대한 기본 내용은 다루지 않습니다.", "star": "0.0", "price": 0, "discount_rate": 0, "discounted_price": 0, "image": "courses/14/angular002.jpg", "expired_date": "9999-12-31", "level": "level2", "certificates": true, "created_at": "2023-05-12T05:49:46.405Z", "enrolment_users": [], "cart_users": []}}, {"model": "courses.course", "pk": 15, "fields": {"user": 1, "category": "백엔드,프론트엔드", "title": "자바 ORM 표준 JPA 프로그래밍 - 기본편", "content": "초급자를 위해 준비한\r\n[웹 개발, 백엔드] 강의입니다.\r\nJPA를 처음 접하거나, 실무에서 JPA를 사용하지만 기본 이론이 부족하신 분들이 JPA의 기본 이론을 탄탄하게 학습해서 초보자도 실무에서 자신있게 JPA를 사용할 수 있습니다.", "star": "0.0", "price": 121000, "discount_rate": 0, "discounted_price": 121000, "image": "courses/15/kyh_jsp.jpg", "expired_date": "9999-12-31", "level": "level2", "certificates": true, "created_at": "2023-05-12T05:51:58.428Z", "enrolment_users": [], "cart_users": []}}, {"model": "courses.course", "pk": 16, "fields": {"user": 1, "category": "백엔드", "title": "갖고노는 MySQL 데이터베이스 by 얄코", "content": "입문자를 위해 준비한\r\n[데이터베이스, 비즈니스 · 마케팅] 강의입니다.\r\n비전공자도 이해할 수 있는 MySQL! 빠른 설명으로 필수개념만 훑은 뒤 사이트의 예제들과 함께 MySQL을 ‘갖고 놀면서’ 손으로 익힐 수 있도록 만든 강좌입니다.", "star": "0.0", "price": 18700, "discount_rate": 0, "discounted_price": 18700, "image": "courses/16/썸네일_mysql_2_복사.jpg", "expired_date": "9999-12-31", "level": "level1", "certificates": true, "created_at": "2023-05-12T05:53:06.848Z", "enrolment_users": [], "cart_users": []}}, {"model": "courses.course", "pk": 17, "fields": {"user": 1, "category": "백엔드", "title": "스프링 MVC 1편 - 백엔드 웹 개발 핵심 기술", "content": "초급자를 위해 준비한\r\n[백엔드, 웹 개발] 강의입니다.\r\n웹 애플리케이션을 개발할 때 필요한 모든 웹 기술을 기초부터 이해하고, 완성할 수 있습니다. 스프링 MVC의 핵심 원리와 구조를 이해하고, 더 깊이있는 백엔드 개발자로 성장할 수 있습니다.", "star": "0.0", "price": 99000, "discount_rate": 0, "discounted_price": 99000, "image": "courses/17/4657d793-56a4-42f3-9d44-dc88d125a49e.jpg", "expired_date": "9999-12-31", "level": "level2", "certificates": true, "created_at": "2023-05-12T05:54:24.890Z", "enrolment_users": [], "cart_users": []}}, {"model": "courses.course", "pk": 18, "fields": {"user": 1, "category": "백엔드", "title": "1분 파이썬", "content": "하루 1분만 투자해서 가볍게 파이썬을 배우고,\r\n시험 문제를 통해 배운 내용을 복습하세요", "star": "0.0", "price": 0, "discount_rate": 0, "discounted_price": 0, "image": "courses/None/스크린샷_2023-05-16_오전_10.57.06.jpg", "expired_date": "9999-12-31", "level": "level1", "certificates": false, "created_at": "2023-05-16T01:57:53.016Z", "enrolment_users": [], "cart_users": []}}, {"model": "courses.url", "pk": 1, "fields": {"course": 18, "url": "https://www.youtube.com/embed/sj4vexbygKA"}}, {"model": "courses.url", "pk": 2, "fields": {"course": 18, "url": "https://www.youtube.com/embed/2G5BARng9JM"}}, {"model": "courses.url", "pk": 3, "fields": {"course": 18, "url": "https://www.youtube.com/embed/kr-uIzwVcv8"}}, {"model": "courses.review", "pk": 1, "fields": {"user": 2, "course": 1, "content": "최고에요!", "star": 5, "created_at": "2023-05-12T02:01:13.500Z"}}, {"model": "courses.review", "pk": 2, "fields": {"user": 2, "course": 11, "content": "나쁘지 않았어요", "star": 3, "created_at": "2023-05-12T02:02:06.477Z"}}, {"model": "courses.review", "pk": 3, "fields": {"user": 2, "course": 9, "content": "테스트때문에 1점 드립니다", "star": 1, "created_at": "2023-05-12T02:06:28.058Z"}}, {"model": "courses.review", "pk": 4, "fields": {"user": 2, "course": 2, "content": "큰 도움이 됐어요", "star": 5, "created_at": "2023-05-12T04:32:46.490Z"}}, {"model": "courses.quiz", "pk": 1, "fields": {"course": 11, "quiz_title": "첫번째 퀴즈", "created_by": 1}}, {"model": "courses.qna", "pk": 1, "fields": {"quiz": 1, "question_text": "파이썬을 영어로 작성하세요. (소문자)", "answer_text": "python"}}, {"model": "courses.qna", "pk": 2, "fields": {"quiz": 1, "question_text": "파이썬에서 작업된 결과물을 화면에 출력할 때 사용되는 내장함수를 작성하세요. (괄호 제외)", "answer_text": "print"}}, {"model": "courses.qna", "pk": 3, "fields": {"quiz": 1, "question_text": "장고를 영어로 작성하세요. (소문자)", "answer_text": "django"}}, {"model": "courses.qna", "pk": 4, "fields": {"quiz": 1, "question_text": "a 변수에 숫자 2023 을 할당하세요. (띄어쓰기 없이 작성)", "answer_text": "a=2023"}}, {"model": "courses.qna", "pk": 5, "fields": {"quiz": 1, "question_text": "1 과 0 중 고르시오.", "answer_text": "0"}}, {"model": "courses.studentanswer", "pk": 1, "fields": {"qna": 1, "student": 2, "is_correct": true}}, {"model": "courses.studentanswer", "pk": 2, "fields": {"qna": 2, "student": 2, "is_correct": true}}, {"model": "courses.studentanswer", "pk": 3, "fields": {"qna": 3, "student": 2, "is_correct": true}}, {"model": "courses.studentanswer", "pk": 4, "fields": {"qna": 4, "student": 2, "is_correct": true}}, {"model": "courses.studentanswer", "pk": 5, "fields": {"qna": 5, "student": 2, "is_correct": false}}, {"model": "courses.studentanswer", "pk": 6, "fields": {"qna": 1, "student": 1, "is_correct": false}}, {"model": "courses.studentanswer", "pk": 7, "fields": {"qna": 2, "student": 1, "is_correct": false}}, {"model": "courses.studentanswer", "pk": 8, "fields": {"qna": 3, "student": 1, "is_correct": false}}, {"model": "courses.studentanswer", "pk": 9, "fields": {"qna": 4, "student": 1, "is_correct": false}}, {"model": "courses.studentanswer", "pk": 10, "fields": {"qna": 5, "student": 1, "is_correct": false}}, {"model": "communities.comment", "pk": 1, "fields": {"user": 2, "course": 11, "title": "파이썬 어려워요", "content": "<p>어떻게 해야될까요?</p>", "views": 0, "like": 0, "category": "qna", "created_at": "2023-05-15T12:43:42.424Z", "like_users": [], "unlike_users": []}}, {"model": "communities.comment", "pk": 2, "fields": {"user": 2, "course": null, "title": "장고 뿌시실분", "content": "<p>같이 뿌셔보아요</p>", "views": 0, "like": 0, "category": "study", "created_at": "2023-05-15T12:44:36.644Z", "like_users": [], "unlike_users": []}}, {"model": "communities.comment", "pk": 3, "fields": {"user": 3, "course": null, "title": "프로젝트 어려워요", "content": "<p>무엇을 해야할까요?</p>\r\n\r\n<p>&nbsp;</p>", "views": 0, "like": 0, "category": "qna", "created_at": "2023-05-15T12:48:05.145Z", "like_users": [], "unlike_users": []}}, {"model": "taggit.tag", "pk": 1, "fields": {"name": "python", "slug": "python"}}, {"model": "taggit.tag", "pk": 2, "fields": {"name": "machinelearning", "slug": "machinelearning"}}, {"model": "taggit.tag", "pk": 3, "fields": {"name": "django", "slug": "django"}}, {"model": "taggit.tag", "pk": 4, "fields": {"name": "javascript", "slug": "javascript"}}, {"model": "taggit.tag", "pk": 5, "fields": {"name": "react", "slug": "react"}}, {"model": "taggit.tag", "pk": 6, "fields": {"name": "css", "slug": "css"}}, {"model": "taggit.tag", "pk": 7, "fields": {"name": "html", "slug": "html"}}, {"model": "taggit.tag", "pk": 8, "fields": {"name": "typescript", "slug": "typescript"}}, {"model": "taggit.tag", "pk": 9, "fields": {"name": "angular", "slug": "angular"}}, {"model": "taggit.tag", "pk": 10, "fields": {"name": "jpa", "slug": "jpa"}}, {"model": "taggit.tag", "pk": 11, "fields": {"name": "java", "slug": "java"}}, {"model": "taggit.tag", "pk": 12, "fields": {"name": "mysql", "slug": "mysql"}}, {"model": "taggit.tag", "pk": 13, "fields": {"name": "spring", "slug": "spring"}}, {"model": "taggit.taggeditem", "pk": 1, "fields": {"tag": 1, "content_type": 2, "object_id": 1}}, {"model": "taggit.taggeditem", "pk": 2, "fields": {"tag": 2, "content_type": 2, "object_id": 1}}, {"model": "taggit.taggeditem", "pk": 3, "fields": {"tag": 1, "content_type": 2, "object_id": 2}}, {"model": "taggit.taggeditem", "pk": 4, "fields": {"tag": 1, "content_type": 2, "object_id": 3}}, {"model": "taggit.taggeditem", "pk": 5, "fields": {"tag": 1, "content_type": 2, "object_id": 4}}, {"model": "taggit.taggeditem", "pk": 6, "fields": {"tag": 3, "content_type": 2, "object_id": 4}}, {"model": "taggit.taggeditem", "pk": 7, "fields": {"tag": 4, "content_type": 2, "object_id": 5}}, {"model": "taggit.taggeditem", "pk": 8, "fields": {"tag": 5, "content_type": 2, "object_id": 5}}, {"model": "taggit.taggeditem", "pk": 9, "fields": {"tag": 4, "content_type": 2, "object_id": 6}}, {"model": "taggit.taggeditem", "pk": 10, "fields": {"tag": 6, "content_type": 2, "object_id": 7}}, {"model": "taggit.taggeditem", "pk": 11, "fields": {"tag": 7, "content_type": 2, "object_id": 7}}, {"model": "taggit.taggeditem", "pk": 12, "fields": {"tag": 4, "content_type": 2, "object_id": 8}}, {"model": "taggit.taggeditem", "pk": 13, "fields": {"tag": 6, "content_type": 2, "object_id": 8}}, {"model": "taggit.taggeditem", "pk": 14, "fields": {"tag": 7, "content_type": 2, "object_id": 8}}, {"model": "taggit.taggeditem", "pk": 15, "fields": {"tag": 4, "content_type": 2, "object_id": 9}}, {"model": "taggit.taggeditem", "pk": 16, "fields": {"tag": 6, "content_type": 2, "object_id": 9}}, {"model": "taggit.taggeditem", "pk": 17, "fields": {"tag": 7, "content_type": 2, "object_id": 9}}, {"model": "taggit.taggeditem", "pk": 18, "fields": {"tag": 1, "content_type": 2, "object_id": 10}}, {"model": "taggit.taggeditem", "pk": 19, "fields": {"tag": 3, "content_type": 2, "object_id": 10}}, {"model": "taggit.taggeditem", "pk": 20, "fields": {"tag": 5, "content_type": 2, "object_id": 10}}, {"model": "taggit.taggeditem", "pk": 21, "fields": {"tag": 1, "content_type": 2, "object_id": 11}}, {"model": "taggit.taggeditem", "pk": 23, "fields": {"tag": 8, "content_type": 2, "object_id": 13}}, {"model": "taggit.taggeditem", "pk": 24, "fields": {"tag": 9, "content_type": 2, "object_id": 14}}, {"model": "taggit.taggeditem", "pk": 25, "fields": {"tag": 10, "content_type": 2, "object_id": 15}}, {"model": "taggit.taggeditem", "pk": 26, "fields": {"tag": 11, "content_type": 2, "object_id": 15}}, {"model": "taggit.taggeditem", "pk": 27, "fields": {"tag": 12, "content_type": 2, "object_id": 16}}, {"model": "taggit.taggeditem", "pk": 28, "fields": {"tag": 13, "content_type": 2, "object_id": 17}}, {"model": "taggit.taggeditem", "pk": 29, "fields": {"tag": 1, "content_type": 2, "object_id": 18}}, {"model": "admin.logentry", "pk": 1, "fields": {"action_time": "2023-05-12T01:21:27.011Z", "user": 1, "content_type": 2, "object_id": "1", "object_repr": "Course object (1)", "action_flag": 2, "change_message": "[{\"changed\": {\"fields\": [\"Enrolment users\"]}}]"}}, {"model": "admin.logentry", "pk": 2, "fields": {"action_time": "2023-05-12T01:21:43.128Z", "user": 1, "content_type": 2, "object_id": "9", "object_repr": "Course object (9)", "action_flag": 2, "change_message": "[{\"changed\": {\"fields\": [\"Enrolment users\"]}}]"}}, {"model": "admin.logentry", "pk": 3, "fields": {"action_time": "2023-05-12T01:29:07.651Z", "user": 1, "content_type": 2, "object_id": "11", "object_repr": "Course object (11)", "action_flag": 2, "change_message": "[{\"changed\": {\"fields\": [\"User\", \"Enrolment users\"]}}]"}}, {"model": "admin.logentry", "pk": 4, "fields": {"action_time": "2023-05-12T01:33:09.535Z", "user": 1, "content_type": 2, "object_id": "12", "object_repr": "Course object (12)", "action_flag": 2, "change_message": "[]"}}, {"model": "admin.logentry", "pk": 5, "fields": {"action_time": "2023-05-12T05:55:30.570Z", "user": 1, "content_type": 2, "object_id": "1", "object_repr": "Course object (1)", "action_flag": 2, "change_message": "[{\"changed\": {\"fields\": [\"Image\"]}}]"}}, {"model": "admin.logentry", "pk": 6, "fields": {"action_time": "2023-05-12T05:55:49.931Z", "user": 1, "content_type": 2, "object_id": "1", "object_repr": "Course object (1)", "action_flag": 2, "change_message": "[{\"changed\": {\"fields\": [\"Image\"]}}]"}}, {"model": "admin.logentry", "pk": 7, "fields": {"action_time": "2023-05-12T05:56:04.854Z", "user": 1, "content_type": 2, "object_id": "2", "object_repr": "Course object (2)", "action_flag": 2, "change_message": "[{\"changed\": {\"fields\": [\"Image\"]}}]"}}, {"model": "admin.logentry", "pk": 8, "fields": {"action_time": "2023-05-12T05:56:28.914Z", "user": 1, "content_type": 2, "object_id": "2", "object_repr": "Course object (2)", "action_flag": 2, "change_message": "[{\"changed\": {\"fields\": [\"Image\"]}}]"}}, {"model": "admin.logentry", "pk": 9, "fields": {"action_time": "2023-05-12T05:56:34.318Z", "user": 1, "content_type": 2, "object_id": "3", "object_repr": "Course object (3)", "action_flag": 2, "change_message": "[{\"changed\": {\"fields\": [\"Image\"]}}]"}}, {"model": "admin.logentry", "pk": 10, "fields": {"action_time": "2023-05-12T05:57:15.798Z", "user": 1, "content_type": 2, "object_id": "3", "object_repr": "Course object (3)", "action_flag": 2, "change_message": "[{\"changed\": {\"fields\": [\"Image\"]}}]"}}, {"model": "admin.logentry", "pk": 11, "fields": {"action_time": "2023-05-12T05:57:21.330Z", "user": 1, "content_type": 2, "object_id": "4", "object_repr": "Course object (4)", "action_flag": 2, "change_message": "[{\"changed\": {\"fields\": [\"Image\"]}}]"}}, {"model": "admin.logentry", "pk": 12, "fields": {"action_time": "2023-05-12T05:57:47.221Z", "user": 1, "content_type": 2, "object_id": "4", "object_repr": "Course object (4)", "action_flag": 2, "change_message": "[{\"changed\": {\"fields\": [\"Image\"]}}]"}}, {"model": "admin.logentry", "pk": 13, "fields": {"action_time": "2023-05-12T05:57:55.815Z", "user": 1, "content_type": 2, "object_id": "5", "object_repr": "Course object (5)", "action_flag": 2, "change_message": "[{\"changed\": {\"fields\": [\"Image\"]}}]"}}, {"model": "admin.logentry", "pk": 14, "fields": {"action_time": "2023-05-12T05:58:39.680Z", "user": 1, "content_type": 2, "object_id": "5", "object_repr": "Course object (5)", "action_flag": 2, "change_message": "[{\"changed\": {\"fields\": [\"Image\"]}}]"}}, {"model": "admin.logentry", "pk": 15, "fields": {"action_time": "2023-05-12T05:58:50.296Z", "user": 1, "content_type": 2, "object_id": "6", "object_repr": "Course object (6)", "action_flag": 2, "change_message": "[{\"changed\": {\"fields\": [\"Image\"]}}]"}}, {"model": "admin.logentry", "pk": 16, "fields": {"action_time": "2023-05-12T05:59:17.304Z", "user": 1, "content_type": 2, "object_id": "6", "object_repr": "Course object (6)", "action_flag": 2, "change_message": "[{\"changed\": {\"fields\": [\"Image\"]}}]"}}, {"model": "admin.logentry", "pk": 17, "fields": {"action_time": "2023-05-12T05:59:30.327Z", "user": 1, "content_type": 2, "object_id": "7", "object_repr": "Course object (7)", "action_flag": 2, "change_message": "[{\"changed\": {\"fields\": [\"Image\"]}}]"}}, {"model": "admin.logentry", "pk": 18, "fields": {"action_time": "2023-05-12T05:59:50.693Z", "user": 1, "content_type": 2, "object_id": "7", "object_repr": "Course object (7)", "action_flag": 2, "change_message": "[{\"changed\": {\"fields\": [\"Image\"]}}]"}}, {"model": "admin.logentry", "pk": 19, "fields": {"action_time": "2023-05-12T05:59:55.936Z", "user": 1, "content_type": 2, "object_id": "8", "object_repr": "Course object (8)", "action_flag": 2, "change_message": "[{\"changed\": {\"fields\": [\"Image\"]}}]"}}, {"model": "admin.logentry", "pk": 20, "fields": {"action_time": "2023-05-12T06:00:17.576Z", "user": 1, "content_type": 2, "object_id": "8", "object_repr": "Course object (8)", "action_flag": 2, "change_message": "[{\"changed\": {\"fields\": [\"Image\"]}}]"}}, {"model": "admin.logentry", "pk": 21, "fields": {"action_time": "2023-05-12T06:00:22.294Z", "user": 1, "content_type": 2, "object_id": "9", "object_repr": "Course object (9)", "action_flag": 2, "change_message": "[{\"changed\": {\"fields\": [\"Image\"]}}]"}}, {"model": "admin.logentry", "pk": 22, "fields": {"action_time": "2023-05-12T06:00:44.825Z", "user": 1, "content_type": 2, "object_id": "9", "object_repr": "Course object (9)", "action_flag": 2, "change_message": "[{\"changed\": {\"fields\": [\"Image\"]}}]"}}, {"model": "admin.logentry", "pk": 23, "fields": {"action_time": "2023-05-12T06:00:49.598Z", "user": 1, "content_type": 2, "object_id": "10", "object_repr": "Course object (10)", "action_flag": 2, "change_message": "[{\"changed\": {\"fields\": [\"Image\"]}}]"}}, {"model": "admin.logentry", "pk": 24, "fields": {"action_time": "2023-05-12T06:01:22.004Z", "user": 1, "content_type": 2, "object_id": "10", "object_repr": "Course object (10)", "action_flag": 2, "change_message": "[{\"changed\": {\"fields\": [\"Image\"]}}]"}}, {"model": "admin.logentry", "pk": 25, "fields": {"action_time": "2023-05-12T06:01:29.391Z", "user": 1, "content_type": 2, "object_id": "11", "object_repr": "Course object (11)", "action_flag": 2, "change_message": "[{\"changed\": {\"fields\": [\"Image\"]}}]"}}, {"model": "admin.logentry", "pk": 26, "fields": {"action_time": "2023-05-12T06:02:31.868Z", "user": 1, "content_type": 2, "object_id": "11", "object_repr": "Course object (11)", "action_flag": 2, "change_message": "[{\"changed\": {\"fields\": [\"Image\"]}}]"}}, {"model": "admin.logentry", "pk": 27, "fields": {"action_time": "2023-05-12T06:02:58.994Z", "user": 1, "content_type": 2, "object_id": "13", "object_repr": "Course object (13)", "action_flag": 2, "change_message": "[{\"changed\": {\"fields\": [\"Image\"]}}]"}}, {"model": "admin.logentry", "pk": 28, "fields": {"action_time": "2023-05-12T06:03:06.974Z", "user": 1, "content_type": 2, "object_id": "13", "object_repr": "Course object (13)", "action_flag": 2, "change_message": "[{\"changed\": {\"fields\": [\"Image\"]}}]"}}, {"model": "admin.logentry", "pk": 29, "fields": {"action_time": "2023-05-12T06:03:17.672Z", "user": 1, "content_type": 2, "object_id": "14", "object_repr": "Course object (14)", "action_flag": 2, "change_message": "[{\"changed\": {\"fields\": [\"Image\"]}}]"}}, {"model": "admin.logentry", "pk": 30, "fields": {"action_time": "2023-05-12T06:03:35.357Z", "user": 1, "content_type": 2, "object_id": "14", "object_repr": "Course object (14)", "action_flag": 2, "change_message": "[{\"changed\": {\"fields\": [\"Image\"]}}]"}}, {"model": "admin.logentry", "pk": 31, "fields": {"action_time": "2023-05-12T06:05:52.708Z", "user": 1, "content_type": 2, "object_id": "16", "object_repr": "Course object (16)", "action_flag": 2, "change_message": "[{\"changed\": {\"fields\": [\"Image\"]}}]"}}, {"model": "admin.logentry", "pk": 32, "fields": {"action_time": "2023-05-12T06:06:02.172Z", "user": 1, "content_type": 2, "object_id": "16", "object_repr": "Course object (16)", "action_flag": 2, "change_message": "[{\"changed\": {\"fields\": [\"Image\"]}}]"}}, {"model": "admin.logentry", "pk": 33, "fields": {"action_time": "2023-05-12T06:06:10.679Z", "user": 1, "content_type": 2, "object_id": "17", "object_repr": "Course object (17)", "action_flag": 2, "change_message": "[{\"changed\": {\"fields\": [\"Image\"]}}]"}}, {"model": "admin.logentry", "pk": 34, "fields": {"action_time": "2023-05-12T06:06:34.581Z", "user": 1, "content_type": 2, "object_id": "17", "object_repr": "Course object (17)", "action_flag": 2, "change_message": "[{\"changed\": {\"fields\": [\"Image\"]}}]"}}, {"model": "admin.logentry", "pk": 35, "fields": {"action_time": "2023-05-12T06:08:36.691Z", "user": 1, "content_type": 2, "object_id": "15", "object_repr": "Course object (15)", "action_flag": 2, "change_message": "[{\"changed\": {\"fields\": [\"Image\"]}}]"}}, {"model": "admin.logentry", "pk": 36, "fields": {"action_time": "2023-05-12T06:08:43.642Z", "user": 1, "content_type": 2, "object_id": "15", "object_repr": "Course object (15)", "action_flag": 2, "change_message": "[{\"changed\": {\"fields\": [\"Image\"]}}]"}}, {"model": "admin.logentry", "pk": 37, "fields": {"action_time": "2023-05-15T06:23:14.255Z", "user": 1, "content_type": 2, "object_id": "1", "object_repr": "Course object (1)", "action_flag": 2, "change_message": "[{\"changed\": {\"fields\": [\"Category\", \"Star\"]}}]"}}, {"model": "admin.logentry", "pk": 38, "fields": {"action_time": "2023-05-15T06:48:27.145Z", "user": 1, "content_type": 2, "object_id": "11", "object_repr": "Course object (11)", "action_flag": 2, "change_message": "[{\"changed\": {\"fields\": [\"Enrolment users\", \"Category\"]}}]"}}, {"model": "admin.logentry", "pk": 39, "fields": {"action_time": "2023-05-15T06:48:37.535Z", "user": 1, "content_type": 2, "object_id": "1", "object_repr": "Course object (1)", "action_flag": 2, "change_message": "[{\"changed\": {\"fields\": [\"Enrolment users\"]}}]"}}, {"model": "admin.logentry", "pk": 40, "fields": {"action_time": "2023-05-15T12:53:18.382Z", "user": 1, "content_type": 2, "object_id": "2", "object_repr": "Course object (2)", "action_flag": 2, "change_message": "[{\"changed\": {\"fields\": [\"Category\"]}}]"}}, {"model": "admin.logentry", "pk": 41, "fields": {"action_time": "2023-05-15T12:53:30.907Z", "user": 1, "content_type": 2, "object_id": "3", "object_repr": "Course object (3)", "action_flag": 2, "change_message": "[{\"changed\": {\"fields\": [\"Category\"]}}]"}}, {"model": "admin.logentry", "pk": 42, "fields": {"action_time": "2023-05-15T12:54:21.409Z", "user": 1, "content_type": 2, "object_id": "4", "object_repr": "Course object (4)", "action_flag": 2, "change_message": "[{\"changed\": {\"fields\": [\"Category\"]}}]"}}, {"model": "admin.logentry", "pk": 43, "fields": {"action_time": "2023-05-15T12:54:45.737Z", "user": 1, "content_type": 2, "object_id": "5", "object_repr": "Course object (5)", "action_flag": 2, "change_message": "[{\"changed\": {\"fields\": [\"Category\"]}}]"}}, {"model": "admin.logentry", "pk": 44, "fields": {"action_time": "2023-05-15T12:54:56.710Z", "user": 1, "content_type": 2, "object_id": "6", "object_repr": "Course object (6)", "action_flag": 2, "change_message": "[{\"changed\": {\"fields\": [\"Category\"]}}]"}}, {"model": "admin.logentry", "pk": 45, "fields": {"action_time": "2023-05-15T12:55:14.475Z", "user": 1, "content_type": 2, "object_id": "7", "object_repr": "Course object (7)", "action_flag": 2, "change_message": "[{\"changed\": {\"fields\": [\"Category\"]}}]"}}, {"model": "admin.logentry", "pk": 46, "fields": {"action_time": "2023-05-15T12:55:24.227Z", "user": 1, "content_type": 2, "object_id": "8", "object_repr": "Course object (8)", "action_flag": 2, "change_message": "[{\"changed\": {\"fields\": [\"Category\"]}}]"}}, {"model": "admin.logentry", "pk": 47, "fields": {"action_time": "2023-05-15T12:55:33.142Z", "user": 1, "content_type": 2, "object_id": "9", "object_repr": "Course object (9)", "action_flag": 2, "change_message": "[{\"changed\": {\"fields\": [\"Category\"]}}]"}}, {"model": "admin.logentry", "pk": 48, "fields": {"action_time": "2023-05-15T12:55:46.491Z", "user": 1, "content_type": 2, "object_id": "10", "object_repr": "Course object (10)", "action_flag": 2, "change_message": "[{\"changed\": {\"fields\": [\"Category\"]}}]"}}, {"model": "admin.logentry", "pk": 49, "fields": {"action_time": "2023-05-15T12:55:58.747Z", "user": 1, "content_type": 2, "object_id": "13", "object_repr": "Course object (13)", "action_flag": 2, "change_message": "[{\"changed\": {\"fields\": [\"Category\"]}}]"}}, {"model": "admin.logentry", "pk": 50, "fields": {"action_time": "2023-05-15T12:56:06.540Z", "user": 1, "content_type": 2, "object_id": "14", "object_repr": "Course object (14)", "action_flag": 2, "change_message": "[{\"changed\": {\"fields\": [\"Category\"]}}]"}}, {"model": "admin.logentry", "pk": 51, "fields": {"action_time": "2023-05-15T12:56:17.942Z", "user": 1, "content_type": 2, "object_id": "15", "object_repr": "Course object (15)", "action_flag": 2, "change_message": "[{\"changed\": {\"fields\": [\"Category\"]}}]"}}, {"model": "admin.logentry", "pk": 52, "fields": {"action_time": "2023-05-15T12:56:32.941Z", "user": 1, "content_type": 2, "object_id": "16", "object_repr": "Course object (16)", "action_flag": 2, "change_message": "[{\"changed\": {\"fields\": [\"Category\"]}}]"}}, {"model": "admin.logentry", "pk": 53, "fields": {"action_time": "2023-05-15T12:56:38.927Z", "user": 1, "content_type": 2, "object_id": "17", "object_repr": "Course object (17)", "action_flag": 2, "change_message": "[{\"changed\": {\"fields\": [\"Category\"]}}]"}}, {"model": "admin.logentry", "pk": 54, "fields": {"action_time": "2023-05-15T16:28:05.183Z", "user": 1, "content_type": 1, "object_id": "1", "object_repr": "admin", "action_flag": 2, "change_message": "[{\"changed\": {\"fields\": [\"First name\", \"Last name\", \"Email address\"]}}]"}}, {"model": "admin.logentry", "pk": 55, "fields": {"action_time": "2023-05-16T01:58:33.274Z", "user": 1, "content_type": 2, "object_id": "18", "object_repr": "Course object (18)", "action_flag": 2, "change_message": "[{\"changed\": {\"fields\": [\"Category\"]}}]"}}, {"model": "admin.logentry", "pk": 56, "fields": {"action_time": "2023-05-16T02:00:02.230Z", "user": 1, "content_type": 4, "object_id": "1", "object_repr": "Url object (1)", "action_flag": 1, "change_message": "[{\"added\": {}}]"}}, {"model": "admin.logentry", "pk": 57, "fields": {"action_time": "2023-05-16T02:00:14.992Z", "user": 1, "content_type": 4, "object_id": "2", "object_repr": "Url object (2)", "action_flag": 1, "change_message": "[{\"added\": {}}]"}}, {"model": "admin.logentry", "pk": 58, "fields": {"action_time": "2023-05-16T02:00:26.443Z", "user": 1, "content_type": 4, "object_id": "3", "object_repr": "Url object (3)", "action_flag": 1, "change_message": "[{\"added\": {}}]"}}, {"model": "admin.logentry", "pk": 59, "fields": {"action_time": "2023-05-16T06:41:47.667Z", "user": 1, "content_type": 2, "object_id": "20", "object_repr": "Course object (20)", "action_flag": 1, "change_message": "[{\"added\": {}}]"}}, {"model": "admin.logentry", "pk": 60, "fields": {"action_time": "2023-05-16T06:42:02.327Z", "user": 1, "content_type": 2, "object_id": "20", "object_repr": "Course object (20)", "action_flag": 2, "change_message": "[{\"changed\": {\"fields\": [\"Image\"]}}]"}}, {"model": "admin.logentry", "pk": 61, "fields": {"action_time": "2023-05-16T06:43:15.148Z", "user": 1, "content_type": 2, "object_id": "19", "object_repr": "Course object (19)", "action_flag": 3, "change_message": ""}}, {"model": "admin.logentry", "pk": 62, "fields": {"action_time": "2023-05-16T06:43:19.361Z", "user": 1, "content_type": 2, "object_id": "20", "object_repr": "Course object (20)", "action_flag": 3, "change_message": ""}}, {"model": "auth.permission", "pk": 1, "fields": {"name": "Can add user", "content_type": 1, "codename": "add_user"}}, {"model": "auth.permission", "pk": 2, "fields": {"name": "Can change user", "content_type": 1, "codename": "change_user"}}, {"model": "auth.permission", "pk": 3, "fields": {"name": "Can delete user", "content_type": 1, "codename": "delete_user"}}, {"model": "auth.permission", "pk": 4, "fields": {"name": "Can view user", "content_type": 1, "codename": "view_user"}}, {"model": "auth.permission", "pk": 5, "fields": {"name": "Can add course", "content_type": 2, "codename": "add_course"}}, {"model": "auth.permission", "pk": 6, "fields": {"name": "Can change course", "content_type": 2, "codename": "change_course"}}, {"model": "auth.permission", "pk": 7, "fields": {"name": "Can delete course", "content_type": 2, "codename": "delete_course"}}, {"model": "auth.permission", "pk": 8, "fields": {"name": "Can view course", "content_type": 2, "codename": "view_course"}}, {"model": "auth.permission", "pk": 9, "fields": {"name": "Can add review", "content_type": 3, "codename": "add_review"}}, {"model": "auth.permission", "pk": 10, "fields": {"name": "Can change review", "content_type": 3, "codename": "change_review"}}, {"model": "auth.permission", "pk": 11, "fields": {"name": "Can delete review", "content_type": 3, "codename": "delete_review"}}, {"model": "auth.permission", "pk": 12, "fields": {"name": "Can view review", "content_type": 3, "codename": "view_review"}}, {"model": "auth.permission", "pk": 13, "fields": {"name": "Can add comment", "content_type": 4, "codename": "add_comment"}}, {"model": "auth.permission", "pk": 14, "fields": {"name": "Can change comment", "content_type": 4, "codename": "change_comment"}}, {"model": "auth.permission", "pk": 15, "fields": {"name": "Can delete comment", "content_type": 4, "codename": "delete_comment"}}, {"model": "auth.permission", "pk": 16, "fields": {"name": "Can view comment", "content_type": 4, "codename": "view_comment"}}, {"model": "auth.permission", "pk": 17, "fields": {"name": "Can add recomment", "content_type": 5, "codename": "add_recomment"}}, {"model": "auth.permission", "pk": 18, "fields": {"name": "Can change recomment", "content_type": 5, "codename": "change_recomment"}}, {"model": "auth.permission", "pk": 19, "fields": {"name": "Can delete recomment", "content_type": 5, "codename": "delete_recomment"}}, {"model": "auth.permission", "pk": 20, "fields": {"name": "Can view recomment", "content_type": 5, "codename": "view_recomment"}}, {"model": "auth.permission", "pk": 21, "fields": {"name": "Can add tag", "content_type": 6, "codename": "add_tag"}}, {"model": "auth.permission", "pk": 22, "fields": {"name": "Can change tag", "content_type": 6, "codename": "change_tag"}}, {"model": "auth.permission", "pk": 23, "fields": {"name": "Can delete tag", "content_type": 6, "codename": "delete_tag"}}, {"model": "auth.permission", "pk": 24, "fields": {"name": "Can view tag", "content_type": 6, "codename": "view_tag"}}, {"model": "auth.permission", "pk": 25, "fields": {"name": "Can add tagged item", "content_type": 7, "codename": "add_taggeditem"}}, {"model": "auth.permission", "pk": 26, "fields": {"name": "Can change tagged item", "content_type": 7, "codename": "change_taggeditem"}}, {"model": "auth.permission", "pk": 27, "fields": {"name": "Can delete tagged item", "content_type": 7, "codename": "delete_taggeditem"}}, {"model": "auth.permission", "pk": 28, "fields": {"name": "Can view tagged item", "content_type": 7, "codename": "view_taggeditem"}}, {"model": "auth.permission", "pk": 29, "fields": {"name": "Can add log entry", "content_type": 8, "codename": "add_logentry"}}, {"model": "auth.permission", "pk": 30, "fields": {"name": "Can change log entry", "content_type": 8, "codename": "change_logentry"}}, {"model": "auth.permission", "pk": 31, "fields": {"name": "Can delete log entry", "content_type": 8, "codename": "delete_logentry"}}, {"model": "auth.permission", "pk": 32, "fields": {"name": "Can view log entry", "content_type": 8, "codename": "view_logentry"}}, {"model": "auth.permission", "pk": 33, "fields": {"name": "Can add permission", "content_type": 9, "codename": "add_permission"}}, {"model": "auth.permission", "pk": 34, "fields": {"name": "Can change permission", "content_type": 9, "codename": "change_permission"}}, {"model": "auth.permission", "pk": 35, "fields": {"name": "Can delete permission", "content_type": 9, "codename": "delete_permission"}}, {"model": "auth.permission", "pk": 36, "fields": {"name": "Can view permission", "content_type": 9, "codename": "view_permission"}}, {"model": "auth.permission", "pk": 37, "fields": {"name": "Can add group", "content_type": 10, "codename": "add_group"}}, {"model": "auth.permission", "pk": 38, "fields": {"name": "Can change group", "content_type": 10, "codename": "change_group"}}, {"model": "auth.permission", "pk": 39, "fields": {"name": "Can delete group", "content_type": 10, "codename": "delete_group"}}, {"model": "auth.permission", "pk": 40, "fields": {"name": "Can view group", "content_type": 10, "codename": "view_group"}}, {"model": "auth.permission", "pk": 41, "fields": {"name": "Can add content type", "content_type": 11, "codename": "add_contenttype"}}, {"model": "auth.permission", "pk": 42, "fields": {"name": "Can change content type", "content_type": 11, "codename": "change_contenttype"}}, {"model": "auth.permission", "pk": 43, "fields": {"name": "Can delete content type", "content_type": 11, "codename": "delete_contenttype"}}, {"model": "auth.permission", "pk": 44, "fields": {"name": "Can view content type", "content_type": 11, "codename": "view_contenttype"}}, {"model": "auth.permission", "pk": 45, "fields": {"name": "Can add session", "content_type": 12, "codename": "add_session"}}, {"model": "auth.permission", "pk": 46, "fields": {"name": "Can change session", "content_type": 12, "codename": "change_session"}}, {"model": "auth.permission", "pk": 47, "fields": {"name": "Can delete session", "content_type": 12, "codename": "delete_session"}}, {"model": "auth.permission", "pk": 48, "fields": {"name": "Can view session", "content_type": 12, "codename": "view_session"}}, {"model": "auth.permission", "pk": 49, "fields": {"name": "Can add site", "content_type": 13, "codename": "add_site"}}, {"model": "auth.permission", "pk": 50, "fields": {"name": "Can change site", "content_type": 13, "codename": "change_site"}}, {"model": "auth.permission", "pk": 51, "fields": {"name": "Can delete site", "content_type": 13, "codename": "delete_site"}}, {"model": "auth.permission", "pk": 52, "fields": {"name": "Can view site", "content_type": 13, "codename": "view_site"}}, {"model": "auth.permission", "pk": 53, "fields": {"name": "Can add email address", "content_type": 14, "codename": "add_emailaddress"}}, {"model": "auth.permission", "pk": 54, "fields": {"name": "Can change email address", "content_type": 14, "codename": "change_emailaddress"}}, {"model": "auth.permission", "pk": 55, "fields": {"name": "Can delete email address", "content_type": 14, "codename": "delete_emailaddress"}}, {"model": "auth.permission", "pk": 56, "fields": {"name": "Can view email address", "content_type": 14, "codename": "view_emailaddress"}}, {"model": "auth.permission", "pk": 57, "fields": {"name": "Can add email confirmation", "content_type": 15, "codename": "add_emailconfirmation"}}, {"model": "auth.permission", "pk": 58, "fields": {"name": "Can change email confirmation", "content_type": 15, "codename": "change_emailconfirmation"}}, {"model": "auth.permission", "pk": 59, "fields": {"name": "Can delete email confirmation", "content_type": 15, "codename": "delete_emailconfirmation"}}, {"model": "auth.permission", "pk": 60, "fields": {"name": "Can view email confirmation", "content_type": 15, "codename": "view_emailconfirmation"}}, {"model": "auth.permission", "pk": 61, "fields": {"name": "Can add social account", "content_type": 16, "codename": "add_socialaccount"}}, {"model": "auth.permission", "pk": 62, "fields": {"name": "Can change social account", "content_type": 16, "codename": "change_socialaccount"}}, {"model": "auth.permission", "pk": 63, "fields": {"name": "Can delete social account", "content_type": 16, "codename": "delete_socialaccount"}}, {"model": "auth.permission", "pk": 64, "fields": {"name": "Can view social account", "content_type": 16, "codename": "view_socialaccount"}}, {"model": "auth.permission", "pk": 65, "fields": {"name": "Can add social application", "content_type": 17, "codename": "add_socialapp"}}, {"model": "auth.permission", "pk": 66, "fields": {"name": "Can change social application", "content_type": 17, "codename": "change_socialapp"}}, {"model": "auth.permission", "pk": 67, "fields": {"name": "Can delete social application", "content_type": 17, "codename": "delete_socialapp"}}, {"model": "auth.permission", "pk": 68, "fields": {"name": "Can view social application", "content_type": 17, "codename": "view_socialapp"}}, {"model": "auth.permission", "pk": 69, "fields": {"name": "Can add social application token", "content_type": 18, "codename": "add_socialtoken"}}, {"model": "auth.permission", "pk": 70, "fields": {"name": "Can change social application token", "content_type": 18, "codename": "change_socialtoken"}}, {"model": "auth.permission", "pk": 71, "fields": {"name": "Can delete social application token", "content_type": 18, "codename": "delete_socialtoken"}}, {"model": "auth.permission", "pk": 72, "fields": {"name": "Can view social application token", "content_type": 18, "codename": "view_socialtoken"}}, {"model": "auth.permission", "pk": 73, "fields": {"name": "Can add quiz", "content_type": 19, "codename": "add_quiz"}}, {"model": "auth.permission", "pk": 74, "fields": {"name": "Can change quiz", "content_type": 19, "codename": "change_quiz"}}, {"model": "auth.permission", "pk": 75, "fields": {"name": "Can delete quiz", "content_type": 19, "codename": "delete_quiz"}}, {"model": "auth.permission", "pk": 76, "fields": {"name": "Can view quiz", "content_type": 19, "codename": "view_quiz"}}, {"model": "auth.permission", "pk": 77, "fields": {"name": "Can add qn a", "content_type": 20, "codename": "add_qna"}}, {"model": "auth.permission", "pk": 78, "fields": {"name": "Can change qn a", "content_type": 20, "codename": "change_qna"}}, {"model": "auth.permission", "pk": 79, "fields": {"name": "Can delete qn a", "content_type": 20, "codename": "delete_qna"}}, {"model": "auth.permission", "pk": 80, "fields": {"name": "Can view qn a", "content_type": 20, "codename": "view_qna"}}, {"model": "auth.permission", "pk": 81, "fields": {"name": "Can add student answer", "content_type": 21, "codename": "add_studentanswer"}}, {"model": "auth.permission", "pk": 82, "fields": {"name": "Can change student answer", "content_type": 21, "codename": "change_studentanswer"}}, {"model": "auth.permission", "pk": 83, "fields": {"name": "Can delete student answer", "content_type": 21, "codename": "delete_studentanswer"}}, {"model": "auth.permission", "pk": 84, "fields": {"name": "Can view student answer", "content_type": 21, "codename": "view_studentanswer"}}, {"model": "auth.permission", "pk": 85, "fields": {"name": "Can add social application token", "content_type": 22, "codename": "add_socialtoken"}}, {"model": "auth.permission", "pk": 86, "fields": {"name": "Can change social application token", "content_type": 22, "codename": "change_socialtoken"}}, {"model": "auth.permission", "pk": 87, "fields": {"name": "Can delete social application token", "content_type": 22, "codename": "delete_socialtoken"}}, {"model": "auth.permission", "pk": 88, "fields": {"name": "Can view social application token", "content_type": 22, "codename": "view_socialtoken"}}, {"model": "auth.permission", "pk": 89, "fields": {"name": "Can add url", "content_type": 4, "codename": "add_url"}}, {"model": "auth.permission", "pk": 90, "fields": {"name": "Can change url", "content_type": 4, "codename": "change_url"}}, {"model": "auth.permission", "pk": 91, "fields": {"name": "Can delete url", "content_type": 4, "codename": "delete_url"}}, {"model": "auth.permission", "pk": 92, "fields": {"name": "Can view url", "content_type": 4, "codename": "view_url"}}, {"model": "auth.permission", "pk": 93, "fields": {"name": "Can add qn a", "content_type": 3, "codename": "add_qna"}}, {"model": "auth.permission", "pk": 94, "fields": {"name": "Can change qn a", "content_type": 3, "codename": "change_qna"}}, {"model": "auth.permission", "pk": 95, "fields": {"name": "Can delete qn a", "content_type": 3, "codename": "delete_qna"}}, {"model": "auth.permission", "pk": 96, "fields": {"name": "Can view qn a", "content_type": 3, "codename": "view_qna"}}, {"model": "auth.permission", "pk": 97, "fields": {"name": "Can add student answer", "content_type": 5, "codename": "add_studentanswer"}}, {"model": "auth.permission", "pk": 98, "fields": {"name": "Can change student answer", "content_type": 5, "codename": "change_studentanswer"}}, {"model": "auth.permission", "pk": 99, "fields": {"name": "Can delete student answer", "content_type": 5, "codename": "delete_studentanswer"}}, {"model": "auth.permission", "pk": 100, "fields": {"name": "Can view student answer", "content_type": 5, "codename": "view_studentanswer"}}, {"model": "auth.permission", "pk": 101, "fields": {"name": "Can add review", "content_type": 6, "codename": "add_review"}}, {"model": "auth.permission", "pk": 102, "fields": {"name": "Can change review", "content_type": 6, "codename": "change_review"}}, {"model": "auth.permission", "pk": 103, "fields": {"name": "Can delete review", "content_type": 6, "codename": "delete_review"}}, {"model": "auth.permission", "pk": 104, "fields": {"name": "Can view review", "content_type": 6, "codename": "view_review"}}, {"model": "auth.permission", "pk": 105, "fields": {"name": "Can add quiz", "content_type": 7, "codename": "add_quiz"}}, {"model": "auth.permission", "pk": 106, "fields": {"name": "Can change quiz", "content_type": 7, "codename": "change_quiz"}}, {"model": "auth.permission", "pk": 107, "fields": {"name": "Can delete quiz", "content_type": 7, "codename": "delete_quiz"}}, {"model": "auth.permission", "pk": 108, "fields": {"name": "Can view quiz", "content_type": 7, "codename": "view_quiz"}}, {"model": "auth.permission", "pk": 109, "fields": {"name": "Can add recomment", "content_type": 9, "codename": "add_recomment"}}, {"model": "auth.permission", "pk": 110, "fields": {"name": "Can change recomment", "content_type": 9, "codename": "change_recomment"}}, {"model": "auth.permission", "pk": 111, "fields": {"name": "Can delete recomment", "content_type": 9, "codename": "delete_recomment"}}, {"model": "auth.permission", "pk": 112, "fields": {"name": "Can view recomment", "content_type": 9, "codename": "view_recomment"}}, {"model": "auth.permission", "pk": 113, "fields": {"name": "Can add comment", "content_type": 8, "codename": "add_comment"}}, {"model": "auth.permission", "pk": 114, "fields": {"name": "Can change comment", "content_type": 8, "codename": "change_comment"}}, {"model": "auth.permission", "pk": 115, "fields": {"name": "Can delete comment", "content_type": 8, "codename": "delete_comment"}}, {"model": "auth.permission", "pk": 116, "fields": {"name": "Can view comment", "content_type": 8, "codename": "view_comment"}}, {"model": "auth.permission", "pk": 117, "fields": {"name": "Can add tag", "content_type": 10, "codename": "add_tag"}}, {"model": "auth.permission", "pk": 118, "fields": {"name": "Can change tag", "content_type": 10, "codename": "change_tag"}}, {"model": "auth.permission", "pk": 119, "fields": {"name": "Can delete tag", "content_type": 10, "codename": "delete_tag"}}, {"model": "auth.permission", "pk": 120, "fields": {"name": "Can view tag", "content_type": 10, "codename": "view_tag"}}, {"model": "auth.permission", "pk": 121, "fields": {"name": "Can add tagged item", "content_type": 11, "codename": "add_taggeditem"}}, {"model": "auth.permission", "pk": 122, "fields": {"name": "Can change tagged item", "content_type": 11, "codename": "change_taggeditem"}}, {"model": "auth.permission", "pk": 123, "fields": {"name": "Can delete tagged item", "content_type": 11, "codename": "delete_taggeditem"}}, {"model": "auth.permission", "pk": 124, "fields": {"name": "Can view tagged item", "content_type": 11, "codename": "view_taggeditem"}}, {"model": "auth.permission", "pk": 125, "fields": {"name": "Can add log entry", "content_type": 12, "codename": "add_logentry"}}, {"model": "auth.permission", "pk": 126, "fields": {"name": "Can change log entry", "content_type": 12, "codename": "change_logentry"}}, {"model": "auth.permission", "pk": 127, "fields": {"name": "Can delete log entry", "content_type": 12, "codename": "delete_logentry"}}, {"model": "auth.permission", "pk": 128, "fields": {"name": "Can view log entry", "content_type": 12, "codename": "view_logentry"}}, {"model": "auth.permission", "pk": 129, "fields": {"name": "Can add group", "content_type": 14, "codename": "add_group"}}, {"model": "auth.permission", "pk": 130, "fields": {"name": "Can change group", "content_type": 14, "codename": "change_group"}}, {"model": "auth.permission", "pk": 131, "fields": {"name": "Can delete group", "content_type": 14, "codename": "delete_group"}}, {"model": "auth.permission", "pk": 132, "fields": {"name": "Can view group", "content_type": 14, "codename": "view_group"}}, {"model": "auth.permission", "pk": 133, "fields": {"name": "Can add permission", "content_type": 13, "codename": "add_permission"}}, {"model": "auth.permission", "pk": 134, "fields": {"name": "Can change permission", "content_type": 13, "codename": "change_permission"}}, {"model": "auth.permission", "pk": 135, "fields": {"name": "Can delete permission", "content_type": 13, "codename": "delete_permission"}}, {"model": "auth.permission", "pk": 136, "fields": {"name": "Can view permission", "content_type": 13, "codename": "view_permission"}}, {"model": "auth.permission", "pk": 137, "fields": {"name": "Can add content type", "content_type": 15, "codename": "add_contenttype"}}, {"model": "auth.permission", "pk": 138, "fields": {"name": "Can change content type", "content_type": 15, "codename": "change_contenttype"}}, {"model": "auth.permission", "pk": 139, "fields": {"name": "Can delete content type", "content_type": 15, "codename": "delete_contenttype"}}, {"model": "auth.permission", "pk": 140, "fields": {"name": "Can view content type", "content_type": 15, "codename": "view_contenttype"}}, {"model": "auth.permission", "pk": 141, "fields": {"name": "Can add session", "content_type": 16, "codename": "add_session"}}, {"model": "auth.permission", "pk": 142, "fields": {"name": "Can change session", "content_type": 16, "codename": "change_session"}}, {"model": "auth.permission", "pk": 143, "fields": {"name": "Can delete session", "content_type": 16, "codename": "delete_session"}}, {"model": "auth.permission", "pk": 144, "fields": {"name": "Can view session", "content_type": 16, "codename": "view_session"}}, {"model": "auth.permission", "pk": 145, "fields": {"name": "Can add site", "content_type": 17, "codename": "add_site"}}, {"model": "auth.permission", "pk": 146, "fields": {"name": "Can change site", "content_type": 17, "codename": "change_site"}}, {"model": "auth.permission", "pk": 147, "fields": {"name": "Can delete site", "content_type": 17, "codename": "delete_site"}}, {"model": "auth.permission", "pk": 148, "fields": {"name": "Can view site", "content_type": 17, "codename": "view_site"}}, {"model": "auth.permission", "pk": 149, "fields": {"name": "Can add email address", "content_type": 18, "codename": "add_emailaddress"}}, {"model": "auth.permission", "pk": 150, "fields": {"name": "Can change email address", "content_type": 18, "codename": "change_emailaddress"}}, {"model": "auth.permission", "pk": 151, "fields": {"name": "Can delete email address", "content_type": 18, "codename": "delete_emailaddress"}}, {"model": "auth.permission", "pk": 152, "fields": {"name": "Can view email address", "content_type": 18, "codename": "view_emailaddress"}}, {"model": "auth.permission", "pk": 153, "fields": {"name": "Can add email confirmation", "content_type": 19, "codename": "add_emailconfirmation"}}, {"model": "auth.permission", "pk": 154, "fields": {"name": "Can change email confirmation", "content_type": 19, "codename": "change_emailconfirmation"}}, {"model": "auth.permission", "pk": 155, "fields": {"name": "Can delete email confirmation", "content_type": 19, "codename": "delete_emailconfirmation"}}, {"model": "auth.permission", "pk": 156, "fields": {"name": "Can view email confirmation", "content_type": 19, "codename": "view_emailconfirmation"}}, {"model": "auth.permission", "pk": 157, "fields": {"name": "Can add social account", "content_type": 20, "codename": "add_socialaccount"}}, {"model": "auth.permission", "pk": 158, "fields": {"name": "Can change social account", "content_type": 20, "codename": "change_socialaccount"}}, {"model": "auth.permission", "pk": 159, "fields": {"name": "Can delete social account", "content_type": 20, "codename": "delete_socialaccount"}}, {"model": "auth.permission", "pk": 160, "fields": {"name": "Can view social account", "content_type": 20, "codename": "view_socialaccount"}}, {"model": "auth.permission", "pk": 161, "fields": {"name": "Can add social application", "content_type": 21, "codename": "add_socialapp"}}, {"model": "auth.permission", "pk": 162, "fields": {"name": "Can change social application", "content_type": 21, "codename": "change_socialapp"}}, {"model": "auth.permission", "pk": 163, "fields": {"name": "Can delete social application", "content_type": 21, "codename": "delete_socialapp"}}, {"model": "auth.permission", "pk": 164, "fields": {"name": "Can view social application", "content_type": 21, "codename": "view_socialapp"}}, {"model": "contenttypes.contenttype", "pk": 1, "fields": {"app_label": "accounts", "model": "user"}}, {"model": "contenttypes.contenttype", "pk": 2, "fields": {"app_label": "courses", "model": "course"}}, {"model": "contenttypes.contenttype", "pk": 3, "fields": {"app_label": "courses", "model": "qna"}}, {"model": "contenttypes.contenttype", "pk": 4, "fields": {"app_label": "courses", "model": "url"}}, {"model": "contenttypes.contenttype", "pk": 5, "fields": {"app_label": "courses", "model": "studentanswer"}}, {"model": "contenttypes.contenttype", "pk": 6, "fields": {"app_label": "courses", "model": "review"}}, {"model": "contenttypes.contenttype", "pk": 7, "fields": {"app_label": "courses", "model": "quiz"}}, {"model": "contenttypes.contenttype", "pk": 8, "fields": {"app_label": "communities", "model": "comment"}}, {"model": "contenttypes.contenttype", "pk": 9, "fields": {"app_label": "communities", "model": "recomment"}}, {"model": "contenttypes.contenttype", "pk": 10, "fields": {"app_label": "taggit", "model": "tag"}}, {"model": "contenttypes.contenttype", "pk": 11, "fields": {"app_label": "taggit", "model": "taggeditem"}}, {"model": "contenttypes.contenttype", "pk": 12, "fields": {"app_label": "admin", "model": "logentry"}}, {"model": "contenttypes.contenttype", "pk": 13, "fields": {"app_label": "auth", "model": "permission"}}, {"model": "contenttypes.contenttype", "pk": 14, "fields": {"app_label": "auth", "model": "group"}}, {"model": "contenttypes.contenttype", "pk": 15, "fields": {"app_label": "contenttypes", "model": "contenttype"}}, {"model": "contenttypes.contenttype", "pk": 16, "fields": {"app_label": "sessions", "model": "session"}}, {"model": "contenttypes.contenttype", "pk": 17, "fields": {"app_label": "sites", "model": "site"}}, {"model": "contenttypes.contenttype", "pk": 18, "fields": {"app_label": "account", "model": "emailaddress"}}, {"model": "contenttypes.contenttype", "pk": 19, "fields": {"app_label": "account", "model": "emailconfirmation"}}, {"model": "contenttypes.contenttype", "pk": 20, "fields": {"app_label": "socialaccount", "model": "socialaccount"}}, {"model": "contenttypes.contenttype", "pk": 21, "fields": {"app_label": "socialaccount", "model": "socialapp"}}, {"model": "contenttypes.contenttype", "pk": 22, "fields": {"app_label": "socialaccount", "model": "socialtoken"}}, {"model": "sessions.session", "pk": "929ij9d4fzghevtpi21uyl5bvb5s8it6", "fields": {"session_data": ".eJxVjMsOwiAQRf-FtSEDyMule7-BADNI1UBS2pXx322TLnR7zrn3zUJclxrWQXOYkF2YYqdflmJ-UtsFPmK7d557W-Yp8T3hhx381pFe16P9O6hx1G0NGck5C0UKW7S0RYEHQSAFYnEq6ayQPKWiz05DlGjQlw2T8sYbIdjnC-BxN64:1pyTTW:2p874XqYqGfbGjnUkzwKnlT-fk3rV1WSso2J4L1DU6Y", "expire_date": "2023-05-29T08:22:34.984Z"}}, {"model": "sessions.session", "pk": "ikn6y5zecl1kwcc6rwgebkc2bbd0jl4l", "fields": {"session_data": ".eJxVjDsOwjAQBe_iGlkm2fWHkp4zWLteBwdQLMVJhbg7iZQC2jcz760irUuJa8tzHEVd1Fmdfjem9MzTDuRB073qVKdlHlnvij5o07cq-XU93L-DQq1stbPUe_BZkFOH0FsQbzpwSD4ziQNm6GgIDjCgBXQhSHa8MWONwUF9vtGDN4Y:1pyXgk:EcsBevJHKbNvOKBR8mq_0KCpMRHizCGtexVjLgcdPvk", "expire_date": "2023-05-29T12:52:30.581Z"}}, {"model": "sessions.session", "pk": "inl42wj67hagdvf00tbeof4ha2trjqa1", "fields": {"session_data": ".eJxVjDsOwjAQBe_iGlkm2fWHkp4zWLteBwdQLMVJhbg7iZQC2jcz760irUuJa8tzHEVd1Fmdfjem9MzTDuRB073qVKdlHlnvij5o07cq-XU93L-DQq1stbPUe_BZkFOH0FsQbzpwSD4ziQNm6GgIDjCgBXQhSHa8MWONwUF9vtGDN4Y:1pyb38:PMk5tPaRxf-biR0UCQjKHf1FDO3D1PGdv7bArtTN00I", "expire_date": "2023-05-29T16:27:50.998Z"}}, {"model": "sites.site", "pk": 1, "fields": {"domain": "example.com", "name": "example.com"}}]
